station;offset;sec_key;sec_idx;sec_dist;ins_x;ins_y;ins_z;scale;rotation_deg;pos1x;pos1y;flip;label;layer
26.301;0.957;26.464;7;0.0;255410.4491;515077.4404;2031.6015;0.42;0.0;-4.977322295715567;4.424522704153787;0;т.3;inf_model_heigh
26.301;-0.957;26.464;6;0.0;255411.8528;515076.1389;2031.6015;0.42;0.0;6.243999900034395;-2.6946263776626433;1;т.4;inf_model_heigh
27.421;0.957;27.584;7;0.0;255409.6876;515076.6191;2031.2145;0.42;0.0;-6.0908508670690935;3.1979395772796124;0;т.5;inf_model_heigh
27.421;-0.957;27.584;6;0.0;255411.0913;515075.3176;2031.2145;0.42;0.0;5.009604986029444;-4.195700457028579;1;т.6;inf_model_heigh
28.541;0.957;28.704;7;0.0;255408.9261;515075.7978;2030.8274;0.42;0.0;-7.188824256765655;1.998282551881857;0;т.7;inf_model_heigh
28.541;-0.957;28.704;6;0.0;255410.3298;515074.4963;2030.8274;0.42;0.0;4.386274311720626;-4.866638581093866;1;т.8;inf_model_heigh
57.068;0.957;57.223;7;0.0;255389.5301;515054.8793;2021.5526;0.42;0.0;-4.699567989067873;5.300443525193258;0;т.9;inf_model_heigh
57.068;-0.957;57.223;6;0.0;255390.9337;515053.5778;2021.5526;0.42;0.0;6.082903522881679;-2.6323793145129457;1;т.10;inf_model_heigh
58.304;0.94;58.540;7;0.0;255388.7024;515053.962;2021.1245;0.42;0.0;-6.485580487118568;2.716310248186346;0;т.11;inf_model_heigh
58.467;-0.967;58.540;6;0.0;255389.9894;515052.5451;2021.1245;0.42;0.0;3.806430466647725;-5.008123533392791;1;т.12;inf_model_heigh
84.366;0.957;84.553;7;0.0;255368.1172;515038.2461;2010.6412;0.42;0.0;-3.61971280988655;6.106401623692363;0;т.13;inf_model_heigh
84.366;-0.957;84.553;6;0.0;255369.2782;515036.7242;2010.6412;0.42;0.0;4.967849374923389;-5.0768302417127416;1;т.14;inf_model_heigh
85.37;0.957;85.557;7;0.0;255367.3192;515037.6374;2010.2363;0.42;0.0;-4.950130201614228;5.09085047361441;0;т.15;inf_model_heigh
85.37;-0.957;85.557;6;0.0;255368.4802;515036.1154;2010.2363;0.42;0.0;3.6014980333857234;-6.119772709265816;1;т.16;inf_model_heigh
103.817;0.957;104.010;7;0.0;255352.6526;515026.4487;2002.4979;0.42;0.0;-3.542904469941277;4.9910075257648705;0;т.17;inf_model_heigh
103.817;-0.957;104.010;6;0.0;255353.8136;515024.9268;2002.4979;0.42;0.0;5.359780792496167;-3.7371376200462687;1;т.18;inf_model_heigh
104.643;-0.951;104.866;6;0.0;255353.1526;515024.4306;2002.1389;0.42;0.0;3.5224652305187187;-5.200650049839169;1;т.20;inf_model_heigh
104.702;0.963;104.866;7;0.0;255351.9455;515025.9162;2002.1389;0.42;0.0;-5.9398655992990825;3.4954239096259703;0;т.19;inf_model_heigh
130.08;0.957;130.290;7;0.0;255332.7012;515009.2828;1990.3363;0.42;0.0;-4.336818543437402;4.555607453628909;0;т.21;inf_model_heigh
130.08;-0.957;130.290;6;0.0;255333.9534;515007.8349;1990.3363;0.42;0.0;5.705308259057347;-3.0189421252580355;1;т.22;inf_model_heigh
131.134;0.957;131.345;7;0.0;255331.9038;515008.5932;1989.8465;0.42;0.0;-5.639003334974404;3.2818808816373344;0;т.23;inf_model_heigh
131.134;-0.957;131.345;6;0.0;255333.1559;515007.1452;1989.8465;0.42;0.0;4.789409586257533;-4.484417756670155;1;т.24;inf_model_heigh
147.345;0.957;147.562;7;0.0;255319.642;514997.9895;1982.0065;0.42;0.0;-3.7141330654558256;4.9709134146687575;0;т.25;inf_model_heigh
147.345;-0.957;147.562;6;0.0;255320.8941;514996.5416;1982.0065;0.42;0.0;5.268905957753304;-3.8459561628405936;1;т.26;inf_model_heigh
148.334;0.957;148.552;7;0.0;255318.8939;514997.3426;1981.5282;0.42;0.0;-4.93873307609465;4.111428406613412;0;т.27;inf_model_heigh
148.334;-0.957;148.552;6;0.0;255320.146;514995.8947;1981.5282;0.42;0.0;4.2582948674680665;-4.721167912124656;1;т.28;inf_model_heigh
149.281;0.947;149.541;7;0.0;255318.1844;514996.7151;1981.0499;0.42;0.0;-6.1569297020323575;2.9802003921940923;0;т.29;inf_model_heigh
149.365;-0.966;149.541;6;0.0;255319.3715;514995.2134;1981.0499;0.42;0.0;2.962882534106029;-5.590390563011169;1;т.30;inf_model_heigh
170.926;0.957;171.144;7;0.0;255300.7022;514984.0966;1970.5942;0.42;0.0;-3.6602055093098893;5.159642985323443;0;т.31;inf_model_heigh
170.926;-0.957;171.144;6;0.0;255301.8219;514982.544;1970.5942;0.42;0.0;4.907993100816384;-4.233226917043794;1;т.32;inf_model_heigh
172.463;0.957;172.681;7;0.0;255299.4551;514983.1972;1969.8499;0.42;0.0;-5.441078322939575;3.91304731904529;0;т.33;inf_model_heigh
172.463;-0.957;172.681;6;0.0;255300.5748;514981.6446;1969.8499;0.42;0.0;3.219268730259501;-5.307932675117627;1;т.34;inf_model_heigh
192.636;0.957;192.835;7;0.0;255283.0934;514971.3974;1961.1147;0.42;0.0;-3.170197334751719;5.25742000027094;0;т.35;inf_model_heigh
192.636;-0.957;192.835;6;0.0;255284.2131;514969.8448;1961.1147;0.42;0.0;5.653505905327619;-3.6512698421720415;1;т.36;inf_model_heigh
193.774;0.957;193.973;7;0.0;255282.1703;514970.7317;1960.6219;0.42;0.0;-4.127565227332524;4.879767297650687;0;т.37;inf_model_heigh
193.774;-0.957;193.973;6;0.0;255283.29;514969.1791;1960.6219;0.42;0.0;4.7251072624349035;-4.298270732047968;1;т.38;inf_model_heigh
194.848;-0.941;195.111;6;0.0;255282.41;514968.5638;1960.1292;0.42;0.0;3.977960987976985;-4.906269628205337;1;т.40;inf_model_heigh
194.978;0.968;195.111;7;0.0;255281.1876;514970.0369;1960.1292;0.42;0.0;-4.6903415550186764;4.074357173463795;0;т.39;inf_model_heigh
194.986;-0.949;195.314;6;0.0;255282.3024;514968.477;1960.0412;0.42;0.0;2.9285595586698037;-6.1829141327762045;1;т.42;inf_model_heigh
195.116;0.957;195.314;7;0.0;255280.9829;514969.8638;1960.0412;0.42;0.0;-6.562536713405279;2.5071541572688143;0;т.41;inf_model_heigh
216.78;0.957;216.996;7;0.0;255265.2874;514954.93;1949.6784;0.42;0.0;-4.789453946141293;4.396542475675233;0;т.43;inf_model_heigh
216.78;-0.957;216.996;6;0.0;255266.6069;514953.5432;1949.6784;0.42;0.0;5.517005032335874;-3.6271343433181755;1;т.44;inf_model_heigh
218.514;0.957;218.730;7;0.0;255264.0311;514953.7347;1948.8489;0.42;0.0;-6.318886357388692;2.225358749099542;0;т.45;inf_model_heigh
218.514;-0.957;218.730;6;0.0;255265.3506;514952.3479;1948.8489;0.42;0.0;4.190447926754131;-4.88735349959461;1;т.46;inf_model_heigh
231.359;0.957;231.557;7;0.0;255254.7258;514944.881;1943.319;0.42;0.0;-3.755463764537126;5.18792701989878;0;т.47;inf_model_heigh
231.359;-0.957;231.557;6;0.0;255256.0453;514943.4942;1943.319;0.42;0.0;6.605443694192218;-2.6632984505849886;1;т.48;inf_model_heigh
231.853;-0.912;232.203;6;0.0;255255.6566;514943.186;1943.0407;0.42;0.0;5.1744060955243185;-5.118372783646919;1;т.50;inf_model_heigh
232.163;0.976;232.203;7;0.0;255254.13;514944.3408;1943.0407;0.42;0.0;-6.323280588665511;2.593480614887085;0;т.49;inf_model_heigh
257.878;0.957;257.927;7;0.0;255241.958;514921.3373;1940.4944;0.42;0.0;-5.8064004820771515;4.101336206891574;0;т.51;inf_model_heigh
257.878;-0.957;257.927;6;0.0;255243.6514;514920.445;1940.4944;0.42;0.0;8.719935654808069;1.0761493468307894;1;т.52;inf_model_heigh
258.657;-0.934;258.871;6;0.0;255243.2682;514919.767;1940.4024;0.42;0.0;6.415828053053701;-3.703389414469711;1;т.54;inf_model_heigh
270.83;0.957;270.852;7;0.0;255239.7749;514908.2934;1939.8792;0.42;0.0;-6.412828060623723;3.3295650001382455;0;т.55;inf_model_heigh
270.83;-0.957;270.852;6;0.0;255241.6715;514908.0343;1939.8792;0.42;0.0;7.038658351521008;1.3265879023238085;1;т.56;inf_model_heigh
272.639;0.957;272.660;7;0.0;255239.5301;514906.5013;1939.8005;0.42;0.0;-7.045395779772662;-1.5776849064277485;0;т.57;inf_model_heigh
272.639;-0.957;272.660;6;0.0;255241.4267;514906.2422;1939.8005;0.42;0.0;6.54157104747719;-2.8258347715018317;1;т.58;inf_model_heigh
290.385;0.957;290.463;7;0.0;255237.128;514888.9188;1936.9939;0.42;0.0;-6.700296320399502;2.3899424573173746;0;т.59;inf_model_heigh
290.385;-0.957;290.463;6;0.0;255239.0246;514888.6597;1936.9939;0.42;0.0;7.088995077385333;2.0851045392337255;1;т.60;inf_model_heigh
291.539;-0.956;291.628;6;0.0;255238.8674;514887.5155;1936.8098;0.42;0.0;6.540851892408682;-3.007256837328896;1;т.62;inf_model_heigh
291.56;0.958;291.628;7;0.0;255236.9682;514887.7543;1936.8098;0.42;0.0;-7.052100441243964;-2.199190796818584;0;т.61;inf_model_heigh
307.041;0.957;307.165;7;0.0;255235.198;514872.3543;1932.8398;0.42;0.0;-6.943888517213054;3.1535811499343254;0;т.63;inf_model_heigh
307.041;-0.957;307.165;6;0.0;255237.0997;514872.1358;1932.8398;0.42;0.0;7.063227083301172;2.221808510599658;1;т.64;inf_model_heigh
308.696;0.957;308.820;7;0.0;255235.0091;514870.7099;1932.4157;0.42;0.0;-7.063493630557787;-1.2272001609671859;0;т.65;inf_model_heigh
308.696;-0.957;308.820;6;0.0;255236.9108;514870.4914;1932.4157;0.42;0.0;6.324512007297017;-2.397179431223776;1;т.66;inf_model_heigh
320.459;0.957;320.558;7;0.0;255233.6665;514859.0238;1930.0312;0.42;0.0;-6.814306344051147;2.4545896651106887;0;т.67;inf_model_heigh
320.459;-0.957;320.558;6;0.0;255235.5683;514858.8053;1930.0312;0.42;0.0;7.193378296244191;1.7725942644174213;1;т.68;inf_model_heigh
321.498;0.957;321.598;7;0.0;255233.5479;514857.9914;1929.8206;0.42;0.0;-7.003857439063722;0.8046495803282595;0;т.69;inf_model_heigh
321.498;-0.957;321.598;6;0.0;255235.4496;514857.7729;1929.8206;0.42;0.0;7.003923203243175;-0.8047578631667419;1;т.70;inf_model_heigh
322.479;-0.949;322.637;6;0.0;255235.3299;514856.7992;1929.61;0.42;0.0;7.054432524571894;-1.9863758094143122;1;т.72;inf_model_heigh
322.596;0.961;322.637;7;0.0;255233.4184;514856.9014;1929.61;0.42;0.0;-7.030621964833699;-1.3349481611512601;0;т.71;inf_model_heigh
338.498;0.957;338.542;7;0.0;255233.5314;514840.8833;1928.1895;0.42;0.0;-7.05606099680881;0.8299613702693023;0;т.73;inf_model_heigh
338.498;-0.957;338.542;6;0.0;255235.4456;514840.8977;1928.1895;0.42;0.0;7.043819788377731;0.883666665176861;1;т.74;inf_model_heigh
339.484;0.957;339.528;7;0.0;255233.5389;514839.897;1928.102;0.42;0.0;-7.043403641349868;-0.9098485346767119;0;т.75;inf_model_heigh
339.484;-0.957;339.528;6;0.0;255235.453;514839.9114;1928.102;0.42;0.0;7.056268801854457;-0.8037750364746898;1;т.76;inf_model_heigh
353.322;0.957;353.395;7;0.0;255233.6433;514826.0592;1926.0804;0.42;0.0;-7.0554556695278725;0.6972260602633469;0;т.77;inf_model_heigh
353.322;-0.957;353.395;6;0.0;255235.5574;514826.0736;1926.0804;0.42;0.0;7.04411677934695;0.8032988062477671;1;т.78;inf_model_heigh
354.456;0.95;354.594;7;0.0;255233.6591;514824.9259;1925.9052;0.42;0.0;-7.132882230565883;-0.2891131685464643;0;т.79;inf_model_heigh
354.588;-0.96;354.594;6;0.0;255235.5697;514824.8082;1925.9052;0.42;0.0;6.937784036505036;-1.198723627720028;1;т.80;inf_model_heigh
373.919;0.957;374.040;7;0.0;255231.1446;514805.7587;1921.075;0.42;0.0;-6.791037107934244;2.4345809094375;0;т.81;inf_model_heigh
373.919;-0.957;374.040;6;0.0;255233.0426;514805.5095;1921.075;0.42;0.0;7.20029981114203;0.6880180506268515;1;т.82;inf_model_heigh
375.044;0.957;375.165;7;0.0;255230.9981;514804.643;1920.7949;0.42;0.0;-6.989974966243608;0.9181586390477605;0;т.83;inf_model_heigh
375.045;-0.957;375.165;6;0.0;255232.896;514804.3937;1920.7949;0.42;0.0;6.990013168222504;-0.9181926131132059;1;т.84;inf_model_heigh
376.17;0.957;376.291;7;0.0;255230.8516;514803.5272;1920.5148;0.42;0.0;-7.195008702605263;-0.6430591100943275;0;т.85;inf_model_heigh
376.17;-0.957;376.291;6;0.0;255232.7495;514803.2779;1920.5148;0.42;0.0;6.784868215181632;-2.479395753762219;1;т.86;inf_model_heigh
397.13;0.957;397.283;7;0.0;255228.1223;514782.7451;1913.8166;0.42;0.0;-6.873927029286278;1.8015507703530602;0;т.87;inf_model_heigh
397.13;-0.957;397.283;6;0.0;255230.0202;514782.4958;1913.8166;0.42;0.0;7.106048192334128;1.9567158661084247;1;т.88;inf_model_heigh
397.927;-0.93;398.199;6;0.0;255229.8898;514781.7092;1913.5237;0.42;0.0;7.158490463014459;-1.5712414811132474;1;т.90;inf_model_heigh
398.169;0.969;398.199;7;0.0;255227.9756;514781.7166;1913.5237;0.42;0.0;-6.941540168103529;-0.8921399595565163;0;т.89;inf_model_heigh
423.765;0.957;423.839;7;0.0;255231.1146;514756.0708;1909.6591;0.42;0.0;-7.102866736997385;2.203895907208789;0;т.91;inf_model_heigh
423.765;-0.957;423.839;6;0.0;255233.0144;514756.3053;1909.6591;0.42;0.0;6.89881194892223;1.6627227982389738;1;т.92;inf_model_heigh
424.788;0.957;424.863;7;0.0;255231.2401;514755.0546;1909.5055;0.42;0.0;-6.894251602469012;-1.6953852780279701;0;т.93;inf_model_heigh
424.788;-0.957;424.863;6;0.0;255233.1399;514755.2891;1909.5055;0.42;0.0;7.0995934093371025;0.03193162666866556;1;т.94;inf_model_heigh
436.447;0.957;436.564;7;0.0;255232.6686;514743.4838;1906.7029;0.42;0.0;-7.202943322947249;0.8054363255505449;0;т.95;inf_model_heigh
436.447;-0.957;436.564;6;0.0;255234.5684;514743.7183;1906.7029;0.42;0.0;6.7907910314097535;2.5327395713538863;1;т.96;inf_model_heigh
437.465;0.957;437.582;7;0.0;255232.7933;514742.4734;1906.4584;0.42;0.0;-6.9968432691530325;-0.8640701980330049;0;т.97;inf_model_heigh
437.465;-0.957;437.582;6;0.0;255234.6931;514742.708;1906.4584;0.42;0.0;6.996941497112857;0.8636347322026268;1;т.98;inf_model_heigh
438.391;0.941;438.600;7;0.0;255232.9225;514741.5565;1906.2138;0.42;0.0;-7.168067481426988;-1.7606216917047275;0;т.99;inf_model_heigh
438.577;-0.964;438.600;6;0.0;255234.8361;514741.6058;1906.2138;0.42;0.0;6.931140188680728;-1.594104279705789;1;т.100;inf_model_heigh
451.77;0.957;451.928;7;0.0;255231.9888;514728.3963;1901.7798;0.42;0.0;-6.951115361938719;1.644985147868283;0;т.101;inf_model_heigh
451.77;-0.957;451.928;6;0.0;255233.8981;514728.2598;1901.7798;0.42;0.0;7.122459641861496;0.781414216151461;1;т.102;inf_model_heigh
452.831;-0.957;452.990;6;0.0;255233.8224;514727.2009;1901.4257;0.42;0.0;7.002056704281131;-0.9234747863956726;1;т.104;inf_model_heigh
452.832;0.957;452.990;7;0.0;255231.9131;514727.3373;1901.4257;0.42;0.0;-7.062159063323634;0.08136309450492263;0;т.103;inf_model_heigh
456.621;0.957;456.781;7;0.0;255231.643;514723.5575;1900.1428;0.42;0.0;-6.984487372508737;1.1683270239154808;0;т.105;inf_model_heigh
456.621;-0.957;456.781;6;0.0;255233.5523;514723.421;1900.1428;0.42;0.0;7.079586522973841;0.1630031976965256;1;т.106;inf_model_heigh
457.556;0.957;457.716;7;0.0;255231.5763;514722.6253;1899.8264;0.42;0.0;-7.1103249468724234;-0.5925555147696286;0;т.107;inf_model_heigh
457.556;-0.957;457.716;6;0.0;255233.4857;514722.4888;1899.8264;0.42;0.0;6.95374221529346;-1.5979735350701956;1;т.108;inf_model_heigh
463.349;0.957;463.477;7;0.0;255231.1633;514716.8462;1898.2925;0.42;0.0;-6.889771520800422;2.493411677714903;0;т.109;inf_model_heigh
463.349;-0.957;463.477;6;0.0;255233.0727;514716.7097;1898.2925;0.42;0.0;7.174295641394565;1.4879936574725434;1;т.110;inf_model_heigh
464.438;0.957;464.566;7;0.0;255231.0857;514715.7604;1898.0046;0.42;0.0;-7.004637131612981;0.8860802311100997;0;т.111;inf_model_heigh
464.438;-0.957;464.566;6;0.0;255232.9951;514715.6239;1898.0046;0.42;0.0;7.059422918071504;-0.1193372806883417;1;т.112;inf_model_heigh
465.527;0.957;465.654;7;0.0;255231.0081;514714.6746;1897.7166;0.42;0.0;-7.119528505922061;-0.7212399919517338;0;т.113;inf_model_heigh
465.527;-0.957;465.654;6;0.0;255232.9175;514714.5381;1897.7166;0.42;0.0;6.9445373216294675;-1.726676680962555;1;т.114;inf_model_heigh
469.438;0.957;469.543;7;0.0;255230.7293;514710.7734;1896.8733;0.42;0.0;-7.033890297607286;0.47856921429047355;0;т.115;inf_model_heigh
469.438;-0.957;469.543;6;0.0;255232.6386;514710.6369;1896.8733;0.42;0.0;7.031449018541025;-0.510332339501474;1;т.116;inf_model_heigh
470.577;-0.946;470.758;6;0.0;255232.5461;514709.501;1896.6115;0.42;0.0;7.178673689079005;-1.3702501207008027;1;т.118;inf_model_heigh
470.729;0.962;470.758;7;0.0;255230.6319;514709.4859;1896.6115;0.42;0.0;-6.91908174182754;-1.6195327016175725;0;т.117;inf_model_heigh
484.445;0.957;484.532;7;0.0;255231.8283;514695.6699;1894.1843;0.42;0.0;-7.170340259210207;1.0841587034519762;0;т.119;inf_model_heigh
484.445;-0.957;484.532;6;0.0;255233.7353;514695.8366;1894.1843;0.42;0.0;6.888449735328321;2.1625920785591006;1;т.120;inf_model_heigh
485.515;-0.957;485.602;6;0.0;255233.8285;514694.7702;1893.9959;0.42;0.0;7.0231505704578;0.6143291688640601;1;т.122;inf_model_heigh
485.516;0.957;485.602;7;0.0;255231.9216;514694.6034;1893.9959;0.42;0.0;-7.023203256598208;-0.614330863696523;0;т.121;inf_model_heigh
486.586;0.957;486.673;7;0.0;255232.0148;514693.537;1893.8076;0.42;0.0;-6.881318013474811;-2.237253762083128;0;т.123;inf_model_heigh
486.586;-0.957;486.673;6;0.0;255233.9217;514693.7037;1893.8076;0.42;0.0;7.165109299967297;-1.0093340204330161;1;т.124;inf_model_heigh
498.374;0.957;498.467;7;0.0;255233.0413;514681.7941;1891.5701;0.42;0.0;-7.152461124176624;0.8650745197664945;0;т.125;inf_model_heigh
498.374;-0.957;498.467;6;0.0;255234.9483;514681.9608;1891.5701;0.42;0.0;6.8938708576897625;2.092940857808571;1;т.126;inf_model_heigh
499.589;0.957;499.682;7;0.0;255233.1472;514680.5834;1891.3394;0.42;0.0;-7.023263072333066;-0.6140025777858682;0;т.127;inf_model_heigh
499.589;-0.957;499.682;6;0.0;255235.0541;514680.7501;1891.3394;0.42;0.0;7.023262605798663;0.6139358703512698;1;т.128;inf_model_heigh
500.804;0.957;500.898;7;0.0;255233.253;514679.3726;1891.1088;0.42;0.0;-6.893868209474022;-2.0929026875528507;0;т.129;inf_model_heigh
500.804;-0.957;500.898;6;0.0;255235.16;514679.5393;1891.1088;0.42;0.0;7.152464571467134;-0.8650454906164669;1;т.130;inf_model_heigh
518.235;0.957;518.360;7;0.0;255234.771;514662.0081;1886.6308;0.42;0.0;-7.171063274610788;1.076895687787328;0;т.131;inf_model_heigh
518.235;-0.957;518.360;6;0.0;255236.678;514662.1748;1886.6308;0.42;0.0;6.875377423159079;2.304762318264693;1;т.132;inf_model_heigh
519.238;0.957;519.362;7;0.0;255234.8583;514661.0092;1886.3732;0.42;0.0;-7.0231425415258855;-0.6139344742405228;0;т.133;inf_model_heigh
519.238;-0.957;519.362;6;0.0;255236.7653;514661.1759;1886.3732;0.42;0.0;7.02319097702275;0.613914284564089;1;т.134;inf_model_heigh
520.199;0.951;520.365;7;0.0;255234.9483;514660.0524;1886.1157;0.42;0.0;-7.044221154326806;-1.9662315823370589;0;т.135;inf_model_heigh
520.282;-0.962;520.365;6;0.0;255236.8607;514660.1358;1886.1157;0.42;0.0;7.045515892968979;-1.4283004741882905;1;т.136;inf_model_heigh
535.732;0.957;535.857;7;0.0;255234.9528;514644.6029;1882.1134;0.42;0.0;-7.05025342022418;0.7568619611556641;0;т.137;inf_model_heigh
535.732;-0.957;535.857;6;0.0;255236.8671;514644.6029;1882.1134;0.42;0.0;7.0497086032119105;0.7917379430145957;1;т.138;inf_model_heigh
536.883;0.957;537.008;7;0.0;255234.9528;514643.4515;1881.8159;0.42;0.0;-7.049999999988358;-0.7742999999900348;0;т.139;inf_model_heigh
536.883;-0.957;537.008;6;0.0;255236.8671;514643.4515;1881.8159;0.42;0.0;7.049999999988358;-0.7742999999900348;1;т.140;inf_model_heigh
556.208;0.957;556.337;7;0.0;255234.9528;514624.1262;1876.6641;0.42;0.0;-7.049999999988358;0.6986883234349079;0;т.141;inf_model_heigh
556.208;-0.957;556.337;6;0.0;255236.8671;514624.1262;1876.6641;0.42;0.0;7.049999999988358;0.6986883234349079;1;т.142;inf_model_heigh
557.453;-0.948;557.640;6;0.0;255236.8575;514622.8815;1876.3169;0.42;0.0;7.1199640687555075;-0.24784090410685164;1;т.144;inf_model_heigh
557.569;0.963;557.640;7;0.0;255234.9468;514622.7657;1876.3169;0.42;0.0;-6.951804429496406;-1.1393831768655218;0;т.143;inf_model_heigh
575.02;0.957;575.136;7;0.0;255237.0585;514605.3266;1872.1412;0.42;0.0;-7.132174192840466;0.25315704534295946;0;т.145;inf_model_heigh
575.02;-0.957;575.136;6;0.0;255238.9587;514605.5577;1872.1412;0.42;0.0;6.8718026105780154;1.8960023535764776;1;т.146;inf_model_heigh
575.555;0.957;575.671;7;0.0;255237.1232;514604.7954;1872.0136;0.42;0.0;-6.867783817026065;-1.9256644587730989;0;т.147;inf_model_heigh
575.555;-0.957;575.671;6;0.0;255239.0234;514605.0265;1872.0136;0.42;0.0;7.12907717784401;-0.2233833433128893;1;т.148;inf_model_heigh
591.087;0.957;591.207;7;0.0;255238.9987;514589.3769;1868.1732;0.42;0.0;-7.122672289580805;0.17046466737519947;0;т.149;inf_model_heigh
591.087;-0.957;591.207;6;0.0;255240.8989;514589.608;1868.1732;0.42;0.0;6.874188705231063;1.8727457832428627;1;т.150;inf_model_heigh
591.665;-0.947;591.848;6;0.0;255240.9588;514589.0327;1868.0146;0.42;0.0;7.175506258878158;0.36132107715820894;1;т.152;inf_model_heigh
591.792;0.963;591.848;7;0.0;255239.078;514588.6763;1868.0146;0.42;0.0;-6.660504096624209;-2.3541202159249224;0;т.151;inf_model_heigh
603.593;0.957;603.671;7;0.0;255242.0601;514577.1269;1866.1626;0.42;0.0;-6.962333821255015;-1.2351861631614154;0;т.153;inf_model_heigh
603.593;-0.957;603.671;6;0.0;255243.9131;514577.607;1866.1626;0.42;0.0;6.698742652341025;2.2556640612892807;1;т.154;inf_model_heigh
605.239;0.957;605.317;7;0.0;255242.473;514575.5335;1865.906;0.42;0.0;-6.69254507657024;-2.2783805590006523;0;т.155;inf_model_heigh
605.239;-0.957;605.317;6;0.0;255244.326;514576.0136;1865.906;0.42;0.0;6.95678790815873;1.2580710145412013;1;т.156;inf_model_heigh
621.212;0.957;621.251;7;0.0;255246.4791;514560.0717;1864.6632;0.42;0.0;-7.240966882236534;-0.16125615674536675;0;т.157;inf_model_heigh
621.212;-0.957;621.251;6;0.0;255248.3321;514560.5518;1864.6632;0.42;0.0;6.408366102405125;3.3751954171457323;1;т.158;inf_model_heigh
622.252;0.957;622.291;7;0.0;255246.74;514559.065;1864.5823;0.42;0.0;-6.824700950062834;-1.7682469536084682;0;т.159;inf_model_heigh
622.252;-0.957;622.291;6;0.0;255248.593;514559.5451;1864.5823;0.42;0.0;6.82463823116268;1.7681807038607076;1;т.160;inf_model_heigh
623.228;0.952;623.331;7;0.0;255246.9894;514558.1208;1864.5015;0.42;0.0;-6.738290384528227;-2.895892125146929;0;т.161;inf_model_heigh
636.873;0.957;636.991;7;0.0;255248.619;514544.7012;1861.2224;0.42;0.0;-7.05684725753963;-0.370530063577462;0;т.163;inf_model_heigh
636.873;-0.957;636.991;6;0.0;255250.5192;514544.9319;1861.2224;0.42;0.0;6.935599933232878;1.3678321070619857;1;т.164;inf_model_heigh
638.569;0.957;638.686;7;0.0;255248.8233;514543.0182;1860.8139;0.42;0.0;-6.938070715259527;-1.3483504098840058;0;т.165;inf_model_heigh
638.569;-0.957;638.686;6;0.0;255250.7235;514543.2489;1860.8139;0.42;0.0;7.059169792686588;0.3510303844232112;1;т.166;inf_model_heigh
651.927;0.957;652.077;7;0.0;255250.4331;514529.7578;1856.6085;0.42;0.0;-7.068394588073716;-0.27519100438803434;0;т.167;inf_model_heigh
651.927;-0.957;652.077;6;0.0;255252.3333;514529.9885;1856.6085;0.42;0.0;6.928845919930609;1.424189789511729;1;т.168;inf_model_heigh
653.434;0.951;653.619;7;0.0;255250.6208;514528.262;1856.1231;0.42;0.0;-6.998116542614297;-1.1610742561751977;0;т.169;inf_model_heigh
653.504;-0.962;653.619;6;0.0;255252.5282;514528.423;1856.1231;0.42;0.0;7.053648678120226;0.004967654938809573;1;т.170;inf_model_heigh
670.45;0.957;670.617;7;0.0;255251.4322;514511.3351;1850.1365;0.42;0.0;-7.091667905770009;0.6999975290964358;0;т.171;inf_model_heigh
670.45;-0.957;670.617;6;0.0;255253.3442;514511.4262;1850.1365;0.42;0.0;6.990614428446861;1.4074117655982263;1;т.172;inf_model_heigh
671.041;0.957;671.207;7;0.0;255251.4603;514510.7456;1849.9284;0.42;0.0;-6.99180217270623;-1.3892465797835027;0;т.173;inf_model_heigh
671.041;-0.957;671.207;6;0.0;255253.3723;514510.8367;1849.9284;0.42;0.0;7.092253961454844;-0.7181913949898443;1;т.174;inf_model_heigh
688.26;0.957;688.405;7;0.0;255252.2798;514493.5453;1844.7096;0.42;0.0;-7.083602792496094;0.5380660578957759;0;т.175;inf_model_heigh
688.26;-0.957;688.405;6;0.0;255254.1918;514493.6364;1844.7096;0.42;0.0;7.000453341606772;1.209121243096888;1;т.176;inf_model_heigh
689.204;0.956;689.356;7;0.0;255252.3259;514492.6031;1844.4215;0.42;0.0;-7.016614379215752;-1.1496791226090863;0;т.177;inf_model_heigh
689.219;-0.958;689.356;6;0.0;255254.2386;514492.6792;1844.4215;0.42;0.0;7.072589262155815;-0.5985899742227048;1;т.178;inf_model_heigh
700.814;0.957;700.941;7;0.0;255252.6971;514481.0136;1841.3691;0.42;0.0;-7.098914808419067;1.4146419308381155;0;т.179;inf_model_heigh
700.814;-0.957;700.941;6;0.0;255254.6104;514481.0747;1841.3691;0.42;0.0;6.993295258318539;1.8825295318965798;1;т.180;inf_model_heigh
701.865;0.957;701.992;7;0.0;255252.7307;514479.9636;1841.0928;0.42;0.0;-7.04639595997287;-0.22506666759727523;0;т.181;inf_model_heigh
701.865;-0.957;701.992;6;0.0;255254.6439;514480.0247;1841.0928;0.42;0.0;7.0463963223737665;0.2250010767020285;1;т.182;inf_model_heigh
702.915;0.957;703.043;7;0.0;255252.7642;514478.9135;1840.8164;0.42;0.0;-6.99373579674284;-1.87358928861795;0;т.183;inf_model_heigh
702.915;-0.957;703.043;6;0.0;255254.6774;514478.9746;1840.8164;0.42;0.0;7.099153339659097;-1.4235230359481648;1;т.184;inf_model_heigh
712.527;0.957;712.665;7;0.0;255253.071;514469.307;1838.0514;0.42;0.0;-7.071040565089788;0.547177041415125;0;т.185;inf_model_heigh
712.527;-0.957;712.665;6;0.0;255254.9843;514469.3681;1838.0514;0.42;0.0;7.021749208797701;0.9972233304288238;1;т.186;inf_model_heigh
713.563;0.933;713.819;7;0.0;255253.1286;514468.2724;1837.7195;0.42;0.0;-7.174366189545253;-0.0027731652953661974;0;т.187;inf_model_heigh
713.8;-0.967;713.819;6;0.0;255255.0347;514468.0956;1837.7195;0.42;0.0;6.845242362149292;-1.5069513987982643;1;т.188;inf_model_heigh
721.255;0.957;721.417;7;0.0;255251.5337;514460.9904;1835.1243;0.42;0.0;-6.7146654768439475;2.294705916545354;0;т.189;inf_model_heigh
721.255;-0.957;721.417;6;0.0;255253.403;514460.5784;1835.1243;0.42;0.0;7.104970535379834;-0.5048035588115454;1;т.190;inf_model_heigh
722.123;0.957;722.285;7;0.0;255251.3469;514460.1427;1834.827;0.42;0.0;-7.081929611304076;0.6229041400365531;0;т.191;inf_model_heigh
722.123;-0.957;722.285;6;0.0;255253.2162;514459.7307;1834.827;0.42;0.0;6.687592893867986;-2.4119218177511357;1;т.192;inf_model_heigh
729.446;0.957;729.651;7;0.0;255249.7706;514452.9909;1831.538;0.42;0.0;-6.447262278961715;3.502259401720948;0;т.193;inf_model_heigh
729.446;-0.957;729.651;6;0.0;255251.64;514452.5789;1831.538;0.42;0.0;7.3221833777206475;0.4675384894944727;1;т.194;inf_model_heigh
730.443;0.957;730.647;7;0.0;255249.5562;514452.018;1831.0909;0.42;0.0;-6.813981292565585;1.8384122348506935;0;т.195;inf_model_heigh
730.443;-0.957;730.647;6;0.0;255251.4256;514451.606;1831.0909;0.42;0.0;6.955475119932089;-1.1962598745012656;1;т.196;inf_model_heigh
731.402;-0.948;731.644;6;0.0;255251.2106;514450.6709;1830.6438;0.42;0.0;6.757947517064167;-2.536173155996948;1;т.198;inf_model_heigh
731.476;0.964;731.644;7;0.0;255249.3268;514451.0105;1830.6438;0.42;0.0;-7.145001679222331;-0.18610933568561447;0;т.197;inf_model_heigh
736.96;-0.957;737.155;6;0.0;255250.4392;514445.2408;1828.318;0.42;0.0;7.1732084786635815;0.36995020654285327;1;т.200;inf_model_heigh
736.961;0.957;737.155;7;0.0;255248.5437;514445.5075;1828.318;0.42;0.0;-6.7658990037743925;2.494635758746881;0;т.199;inf_model_heigh
737.885;0.957;738.079;7;0.0;255248.4148;514444.5921;1827.9286;0.42;0.0;-7.027009339653887;0.6568341628299094;0;т.201;inf_model_heigh
737.885;-0.957;738.079;6;0.0;255250.3104;514444.3253;1827.9286;0.42;0.0;6.935404352640035;-1.3080778852454387;1;т.202;inf_model_heigh
738.809;-0.957;739.004;6;0.0;255250.1815;514443.4099;1827.5392;0.42;0.0;6.687968655722216;-3.0661803864641115;1;т.204;inf_model_heigh
738.81;0.957;739.004;7;0.0;255248.286;514443.6766;1827.5392;0.42;0.0;-7.274472188088112;-1.101461291895248;0;т.203;inf_model_heigh
748.565;0.957;748.670;7;0.0;255246.9265;514434.0164;1825.4422;0.42;0.0;-6.835755020205397;2.0162154340650886;0;т.205;inf_model_heigh
748.565;-0.957;748.670;6;0.0;255248.822;514433.7496;1825.4422;0.42;0.0;7.1267056856595445;0.05102691415231675;1;т.206;inf_model_heigh
749.173;-0.957;749.282;6;0.0;255248.7368;514433.1472;1825.3111;0.42;0.0;6.8485895327758035;-1.9865459793363696;1;т.208;inf_model_heigh
749.181;0.958;749.282;7;0.0;255246.8402;514433.4061;1825.3111;0.42;0.0;-7.122288320824737;-0.08305099193239585;0;т.207;inf_model_heigh
768.764;0.957;768.865;7;0.0;255244.2721;514413.9849;1821.2613;0.42;0.0;-6.89171650368371;1.6611670879647134;0;т.209;inf_model_heigh
768.764;-0.957;768.865;6;0.0;255246.1698;514413.734;1821.2613;0.42;0.0;7.086275846435456;2.4783944240189157;1;т.210;inf_model_heigh
769.8;-0.921;770.078;6;0.0;255245.9985;514412.7109;1821.0104;0.42;0.0;7.650270091573474;-1.9073759907041674;1;т.212;inf_model_heigh
797.768;0.957;797.831;7;0.0;255250.8095;514385.4549;1817.4924;0.42;0.0;-7.679604941426078;1.4717941794078795;0;т.213;inf_model_heigh
797.768;-0.957;797.831;6;0.0;255252.667;514385.9173;1817.4924;0.42;0.0;5.512983358610653;3.448976843152195;1;т.214;inf_model_heigh
799.258;0.957;799.321;7;0.0;255251.1694;514384.0092;1817.304;0.42;0.0;-6.694866717094555;-2.2905461522168475;0;т.215;inf_model_heigh
799.258;-0.957;799.321;6;0.0;255253.0269;514384.4717;1817.304;0.42;0.0;7.495589866390218;-0.7806792108458467;1;т.216;inf_model_heigh
832.935;0.957;833.003;7;0.0;255259.3054;514351.3302;1812.6455;0.42;0.0;-7.044185668928549;-0.8878190186806023;0;т.217;inf_model_heigh
832.935;-0.957;833.003;6;0.0;255261.1629;514351.7927;1812.6455;0.42;0.0;6.32695879577659;3.6801372412592173;1;т.218;inf_model_heigh
833.758;-0.923;834.021;6;0.0;255261.3283;514350.9859;1812.5047;0.42;0.0;7.380148369062225;0.4276612251996995;1;т.220;inf_model_heigh
863.937;0.957;863.963;7;0.0;255278.007;514326.2324;1810.9267;0.42;0.0;-6.548877987923333;-3.050558547838591;0;т.221;inf_model_heigh
863.937;-0.957;863.963;6;0.0;255279.5229;514327.4013;1810.9267;0.42;0.0;4.716843021073146;5.428645736596081;1;т.222;inf_model_heigh
865.136;0.957;865.162;7;0.0;255278.7392;514325.2829;1810.8637;0.42;0.0;-5.582976535108173;-4.304997180879581;0;т.223;inf_model_heigh
865.136;-0.957;865.162;6;0.0;255280.2551;514326.4518;1810.8637;0.42;0.0;5.582968485425226;4.304986128467135;1;т.224;inf_model_heigh
866.324;-0.957;866.361;6;0.0;255280.9803;514325.5108;1810.8007;0.42;0.0;6.475231733726105;3.2034653665032233;1;т.226;inf_model_heigh
866.346;0.957;866.361;7;0.0;255279.4779;514324.3245;1810.8007;0.42;0.0;-4.58790952313575;-5.537911835650448;0;т.225;inf_model_heigh
926.291;0.957;926.311;7;0.0;255317.1795;514277.6917;1808.3746;0.42;0.0;-5.755166838382138;-4.095015948580112;0;т.227;inf_model_heigh
926.291;-0.957;926.311;6;0.0;255318.6681;514278.8952;1808.3746;0.42;0.0;5.210443151940125;4.768721932603512;1;т.228;inf_model_heigh
928.085;0.955;928.145;7;0.0;255318.3085;514276.298;1808.3004;0.42;0.0;-5.42276207494433;-4.553606422210578;0;т.229;inf_model_heigh
956.127;0.957;956.138;7;0.0;255334.011;514253.1605;1807.7218;0.42;0.0;-6.290410647314275;-3.2856582333333786;0;т.231;inf_model_heigh
956.127;-0.957;956.138;6;0.0;255335.5949;514254.2355;1807.7218;0.42;0.0;5.3651774388272315;4.6488210299867205;1;т.232;inf_model_heigh
957.18;0.957;957.190;7;0.0;255334.602;514252.2896;1807.7001;0.42;0.0;-5.370767017942853;-4.640709211584181;0;т.233;inf_model_heigh
957.18;-0.957;957.190;6;0.0;255336.1859;514253.3646;1807.7001;0.42;0.0;6.295941632415633;3.277506588026881;1;т.234;inf_model_heigh
979.101;0.957;979.138;7;0.0;255346.9121;514234.1509;1806.1116;0.42;0.0;-6.137707575166132;-3.5106898029334843;0;т.235;inf_model_heigh
979.101;-0.957;979.138;6;0.0;255348.496;514235.2258;1806.1116;0.42;0.0;5.529319122841115;4.407057364704087;1;т.236;inf_model_heigh
980.587;0.943;980.754;7;0.0;255347.7578;514232.9298;1805.9945;0.42;0.0;-6.183291184890549;-3.5675568535225466;0;т.237;inf_model_heigh
988.697;0.957;988.733;7;0.0;255350.2291;514225.4816;1805.4166;0.42;0.0;-6.840804203122388;-1.7701925158617084;0;т.239;inf_model_heigh
988.697;-0.957;988.733;6;0.0;255352.0456;514226.0854;1805.4166;0.42;0.0;6.49041976063745;2.822046577522997;1;т.240;inf_model_heigh
990.288;0.957;990.324;7;0.0;255350.731;514223.9715;1805.3013;0.42;0.0;-6.515221902227495;-2.749794931500219;0;т.241;inf_model_heigh
990.288;-0.957;990.324;6;0.0;255352.5475;514224.5753;1805.3013;0.42;0.0;6.8649725809227675;1.6977296134573405;1;т.242;inf_model_heigh
1015.744;0.957;1015.843;7;0.0;255358.7602;514199.8152;1800.1504;0.42;0.0;-6.928440289688296;-1.5068436946021393;0;т.243;inf_model_heigh
1015.744;-0.957;1015.843;6;0.0;255360.5767;514200.4189;1800.1504;0.42;0.0;6.451991709735012;2.9400662311818446;1;т.244;inf_model_heigh
1016.876;0.949;1017.033;7;0.0;255359.1245;514198.7435;1799.9099;0.42;0.0;-6.668486456299433;-2.53030376782408;0;т.245;inf_model_heigh
1016.991;-0.961;1017.033;6;0.0;255360.9741;514199.2365;1799.9099;0.42;0.0;6.96937340934528;1.0502430577180348;1;т.246;inf_model_heigh
1030.792;0.957;1030.865;7;0.0;255361.8713;514185.2187;1797.8705;0.42;0.0;-7.060887809988343;-0.6552798449411056;0;т.247;inf_model_heigh
1030.792;-0.957;1030.865;6;0.0;255363.7473;514185.5991;1797.8705;0.42;0.0;6.746816721832146;2.2006842556293122;1;т.248;inf_model_heigh
1031.915;0.957;1031.988;7;0.0;255362.0945;514184.1181;1797.7053;0.42;0.0;-6.752768956619548;-2.1738161717657927;0;т.249;inf_model_heigh
1031.915;-0.957;1031.988;6;0.0;255363.9705;514184.4985;1797.7053;0.42;0.0;7.0660603297292255;0.6282534764613955;1;т.250;inf_model_heigh
1049.726;0.957;1049.798;7;0.0;255365.634;514166.6627;1795.1005;0.42;0.0;-7.2454295677889595;0.25580281869042665;0;т.251;inf_model_heigh
1049.726;-0.957;1049.798;6;0.0;255367.51;514167.0431;1795.1005;0.42;0.0;6.573399718443397;3.0578724672086537;1;т.252;inf_model_heigh
1050.735;0.957;1050.808;7;0.0;255365.8346;514165.6734;1794.9529;0.42;0.0;-6.909464061172911;-1.4010448446497321;0;т.253;inf_model_heigh
1050.735;-0.957;1050.808;6;0.0;255367.7106;514166.0538;1794.9529;0.42;0.0;6.909365225146757;1.4010248035774566;1;т.254;inf_model_heigh
1051.745;0.957;1051.817;7;0.0;255366.0352;514164.6841;1794.8053;0.42;0.0;-6.579327794286655;-3.026468789554201;0;т.255;inf_model_heigh
1051.745;-0.957;1051.817;6;0.0;255367.9112;514165.0645;1794.8053;0.42;0.0;7.252096726791932;-0.28705616714432836;1;т.256;inf_model_heigh
1057.53;0.955;1057.660;7;0.0;255367.1865;514159.0147;1793.4138;0.42;0.0;-6.927923602401278;-1.3063284790841863;0;т.257;inf_model_heigh
1057.556;-0.959;1057.660;6;0.0;255369.0676;514159.3694;1793.4138;0.42;0.0;6.92787480316474;1.3063192775007335;1;т.258;inf_model_heigh
1071.353;0.957;1071.436;7;0.0;255369.5578;514145.4231;1791.077;0.42;0.0;-7.219029982370557;0.35859427944524214;0;т.259;inf_model_heigh
1071.353;-0.957;1071.436;6;0.0;255371.4436;514145.7519;1791.077;0.42;0.0;6.666951901570428;2.8056901402887884;1;т.260;inf_model_heigh
1072.447;0.957;1072.530;7;0.0;255369.7457;514144.3454;1790.892;0.42;0.0;-6.945195777399931;-1.2109345485805534;0;т.261;inf_model_heigh
1072.447;-0.957;1072.530;6;0.0;255371.6315;514144.6742;1790.892;0.42;0.0;6.945205040799919;1.2109361637267282;1;т.262;inf_model_heigh
1073.541;0.957;1073.624;7;0.0;255369.9336;514143.2677;1790.707;0.42;0.0;-6.669328276795567;-2.793106670374982;0;т.263;inf_model_heigh
1073.541;-0.957;1073.624;6;0.0;255371.8194;514143.5965;1790.707;0.42;0.0;7.22107254146249;-0.3712359584751539;1;т.264;inf_model_heigh
1086.991;0.957;1087.129;7;0.0;255372.2438;514130.0181;1786.8349;0.42;0.0;-7.225274933647597;0.3950744596077129;0;т.265;inf_model_heigh
1086.991;-0.957;1087.129;6;0.0;255374.1296;514130.3469;1786.8349;0.42;0.0;6.66522293430171;2.8169620930566452;1;т.266;inf_model_heigh
1088.06;0.957;1088.198;7;0.0;255372.4276;514128.9643;1786.5272;0.42;0.0;-6.945248607808025;-1.211068480159156;0;т.267;inf_model_heigh
1088.06;-0.957;1088.198;6;0.0;255374.3133;514129.2931;1786.5272;0.42;0.0;6.9452247719455045;1.210959596792236;1;т.268;inf_model_heigh
1089.11;-0.954;1089.268;6;0.0;255374.4906;514128.2582;1786.2195;0.42;0.0;7.262156270298874;-0.2247666260227561;1;т.270;inf_model_heigh
1089.15;0.96;1089.268;7;0.0;255372.6121;514127.8903;1786.2195;0.42;0.0;-6.569744345528306;-2.9612539512454528;0;т.269;inf_model_heigh
1109.169;0.957;1109.183;7;0.0;255376.872;514108.2887;1785.6451;0.42;0.0;-7.005416926403995;-0.9626735326019115;0;т.271;inf_model_heigh
1109.169;-0.957;1109.183;6;0.0;255378.7425;514108.6955;1785.6451;0.42;0.0;6.77443095811759;2.0249723885790445;1;т.272;inf_model_heigh
1110.782;0.957;1110.796;7;0.0;255377.2147;514106.7127;1785.6002;0.42;0.0;-6.773482695833081;-2.0290221068426035;0;т.273;inf_model_heigh
1110.782;-0.957;1110.796;6;0.0;255379.0852;514107.1194;1785.6002;0.42;0.0;7.004620817227988;0.9667563871480525;1;т.274;inf_model_heigh
1128.151;0.957;1128.277;7;0.0;255380.9057;514089.7411;1781.0538;0.42;0.0;-7.038208669633605;-0.8116911577526479;0;т.275;inf_model_heigh
1128.151;-0.957;1128.277;6;0.0;255382.7762;514090.1479;1781.0538;0.42;0.0;6.739638121071038;2.1847080807783636;1;т.276;inf_model_heigh
1129.317;-0.932;1129.570;6;0.0;255382.9992;514089.0025;1780.7162;0.42;0.0;6.936422005208442;1.8266907141660338;1;т.278;inf_model_heigh
1146.242;0.957;1146.423;7;0.0;255389.0342;514073.346;1774.1982;0.42;0.0;-6.55105360574089;-2.685860725992825;0;т.279;inf_model_heigh
1146.242;-0.957;1146.423;6;0.0;255390.7297;514074.2346;1774.1982;0.42;0.0;5.974407388770487;3.7889312879997306;1;т.280;inf_model_heigh
1147.698;0.957;1147.878;7;0.0;255389.7098;514072.057;1773.6338;0.42;0.0;-5.95541731218691;-3.8240306281950325;0;т.281;inf_model_heigh
1147.698;-0.957;1147.878;6;0.0;255391.4052;514072.9456;1773.6338;0.42;0.0;6.533250195061554;2.721580995596014;1;т.282;inf_model_heigh
1160.601;-0.957;1160.796;6;0.0;255397.3953;514061.5163;1768.1791;0.42;0.0;4.9042458951007575;5.829690565587953;1;т.284;inf_model_heigh
1160.602;0.957;1160.796;7;0.0;255395.6999;514060.6277;1768.1791;0.42;0.0;-8.658734116033884;1.3339011319330893;0;т.283;inf_model_heigh
1161.165;0.957;1161.360;7;0.0;255395.9616;514060.1283;1767.9408;0.42;0.0;-7.667019850196084;-0.5581320524797775;0;т.285;inf_model_heigh
1161.165;-0.957;1161.360;6;0.0;255397.6571;514061.0169;1767.9408;0.42;0.0;5.895781711617018;3.937616263981908;1;т.286;inf_model_heigh
